--Script para a insercao de pelo menos 2 tuplas por tabela:

--EQUIPE
INSERT INTO EQUIPE (NOMEEQUIPE, QUANTIDADE) VALUES ('OPERACAO 1', 3);
INSERT INTO EQUIPE (NOMEEQUIPE, QUANTIDADE) VALUES ('ZIKA', 4);

--PESSOA
INSERT INTO PESSOA (CREDENCIAL, SETOR) VALUES (1, 'IMPRENSA');
INSERT INTO PESSOA (CREDENCIAL, SETOR) VALUES (2, 'IMPRENSA');
INSERT INTO PESSOA (CREDENCIAL, SETOR) VALUES (3, 'FUNCIONARIO');
INSERT INTO PESSOA (CREDENCIAL, SETOR) VALUES (4, 'FUNCIONARIO');
INSERT INTO PESSOA (CREDENCIAL, SETOR) VALUES (5, 'FUNCIONARIO');
INSERT INTO PESSOA (CREDENCIAL, SETOR) VALUES (6, 'FUNCIONARIO');
INSERT INTO PESSOA (CREDENCIAL, SETOR) VALUES (7, 'FUNCIONARIO');
INSERT INTO PESSOA (CREDENCIAL, SETOR) VALUES (8, 'FUNCIONARIO');
INSERT INTO PESSOA (CREDENCIAL, SETOR) VALUES (9, 'FUNCIONARIO');
INSERT INTO PESSOA (CREDENCIAL, SETOR) VALUES (10, 'FUNCIONARIO');
INSERT INTO PESSOA (CREDENCIAL, SETOR) VALUES (11, 'FUNCIONARIO');
INSERT INTO PESSOA (CREDENCIAL, SETOR) VALUES (12, 'FUNCIONARIO');
INSERT INTO PESSOA (CREDENCIAL, SETOR) VALUES (13, 'FUNCIONARIO');
INSERT INTO PESSOA (CREDENCIAL, SETOR) VALUES (14, 'FUNCIONARIO');
INSERT INTO PESSOA (CREDENCIAL, SETOR) VALUES (15, 'FUNCIONARIO');
INSERT INTO PESSOA (CREDENCIAL, SETOR) VALUES (16, 'FUNCIONARIO');
INSERT INTO PESSOA (CREDENCIAL, SETOR) VALUES (17, 'COLABORADOR');
INSERT INTO PESSOA (CREDENCIAL, SETOR) VALUES (18, 'COLABORADOR');
INSERT INTO PESSOA (CREDENCIAL, SETOR) VALUES (19, 'COLABORADOR');
INSERT INTO PESSOA (CREDENCIAL, SETOR) VALUES (20, 'COLABORADOR');
INSERT INTO PESSOA (CREDENCIAL, SETOR) VALUES (21, 'COLABORADOR');
INSERT INTO PESSOA (CREDENCIAL, SETOR) VALUES (22, 'COLABORADOR');
INSERT INTO PESSOA (CREDENCIAL, SETOR) VALUES (23, 'COLABORADOR');
INSERT INTO PESSOA (CREDENCIAL, SETOR) VALUES (24, 'COLABORADOR');

--IMPRENSA
INSERT INTO IMPRENSA (CREDENCIAL, CPF, SEXO, NOME, ENDERECO, CIDADE, ESTADO, PAIS, IDADE, DESIGNADO, GRUPO, FUNCAO) VALUES (1, '447775555', 'M', 'MARIA', 'RUA JOSE PINHO MONTEIRO 324', 'SAO CARLOS', 'SP', 'BRASIL', 32, 'COBRIR JOGOS', 'JORNALISTA', 'ENTREVISTAR' );
INSERT INTO IMPRENSA (CREDENCIAL, CPF, SEXO, NOME, ENDERECO, CIDADE, ESTADO, PAIS, IDADE, DESIGNADO, GRUPO, FUNCAO) VALUES (2, '247775555', 'M', 'MARIA', 'RUA JOSE PINHO MONTEIRO 324', 'SAO PAULO', 'SP', 'BRASIL', 32, 'COBRIR SHOW', 'JORNALISTA', 'ACOMPANHAR' );

--FUNCIONARIO
INSERT INTO FUNCIONARIOS (CREDENCIAL, CPF, SEXO, NOME, ENDERECO, CIDADE, ESTADO, PAIS, IDADE, DESIGNADO, FUNCAO, REAIS_HORA) VALUES (3, '123323131','M', 'PAULO HENRIQUE', 'RUA AUGUSTO NUNES 435', 'LIMEIRA', 'SAO PAULO', 'BRASIL', 32, 'LIMPEZAS GERAIS', 'ASSESSOR', 35);
INSERT INTO FUNCIONARIOS (CREDENCIAL, CPF, SEXO, NOME, ENDERECO, CIDADE, ESTADO, PAIS, IDADE, DESIGNADO, FUNCAO, REAIS_HORA) VALUES (4, '507438973','M', 'ARMADO HENRIQUE', 'RUA AUGUSTO JALES 35', 'CAMPINAS', 'SAO PAULO', 'BRASIL', 32, 'LIMPEZAS GERAIS', 'ASSESSOR', 35);
INSERT INTO FUNCIONARIOS (CREDENCIAL, CPF, SEXO, NOME, ENDERECO, CIDADE, ESTADO, PAIS, IDADE, DESIGNADO, FUNCAO, REAIS_HORA) VALUES (5, '430216592','M', 'PAULO HENRIQUE', 'RUA AUGUSTO NUNES 435', 'LIMEIRA', 'SAO PAULO', 'BRASIL', 32, 'ADMINISTRAÇÃO', 'STAFF', 35);
INSERT INTO FUNCIONARIOS (CREDENCIAL, CPF, SEXO, NOME, ENDERECO, CIDADE, ESTADO, PAIS, IDADE, DESIGNADO, FUNCAO, REAIS_HORA) VALUES (6, '891543485','M', 'ARMADO HENRIQUE', 'RUA AUGUSTO JALES 35', 'CAMPINAS', 'SAO PAULO', 'BRASIL', 32, 'LIMPEZAS GERAIS', 'STAFF', 35);
INSERT INTO FUNCIONARIOS (CREDENCIAL, CPF, SEXO, NOME, ENDERECO, CIDADE, ESTADO, PAIS, IDADE, DESIGNADO, FUNCAO, REAIS_HORA) VALUES (7, '547396465','M', 'PAULO HENRIQUE', 'RUA AUGUSTO NUNES 435', 'LIMEIRA', 'SAO PAULO', 'BRASIL', 32, 'LIMPEZAS GERAIS', 'TECNICO', 35);
INSERT INTO FUNCIONARIOS (CREDENCIAL, CPF, SEXO, NOME, ENDERECO, CIDADE, ESTADO, PAIS, IDADE, DESIGNADO, FUNCAO, REAIS_HORA) VALUES (8, '897687843','M', 'ARMADO HENRIQUE', 'RUA AUGUSTO JALES 35', 'CAMPINAS', 'SAO PAULO', 'BRASIL', 32, 'LIMPEZAS GERAIS', 'TECNICO', 35);
INSERT INTO FUNCIONARIOS (CREDENCIAL, CPF, SEXO, NOME, ENDERECO, CIDADE, ESTADO, PAIS, IDADE, DESIGNADO, FUNCAO, REAIS_HORA) VALUES (9, '121345654','M', 'PAULO HENRIQUE', 'RUA AUGUSTO NUNES 435', 'LIMEIRA', 'SAO PAULO', 'BRASIL', 32, 'LIMPEZAS GERAIS', 'SEGURANCA', 35);
INSERT INTO FUNCIONARIOS (CREDENCIAL, CPF, SEXO, NOME, ENDERECO, CIDADE, ESTADO, PAIS, IDADE, DESIGNADO, FUNCAO, REAIS_HORA) VALUES (10, '765685485','M', 'ARMADO HENRIQUE', 'RUA AUGUSTO JALES 35', 'CAMPINAS', 'SAO PAULO', 'BRASIL', 32, 'LIMPEZAS GERAIS', 'SEGURANCA', 35);
INSERT INTO FUNCIONARIOS (CREDENCIAL, CPF, SEXO, NOME, ENDERECO, CIDADE, ESTADO, PAIS, IDADE, DESIGNADO, FUNCAO, REAIS_HORA) VALUES (11, '049856715','M', 'PAULO HENRIQUE', 'RUA AUGUSTO NUNES 435', 'LIMEIRA', 'SAO PAULO', 'BRASIL', 32, 'LIMPEZAS GERAIS', 'PARAMEDICO', 35);
INSERT INTO FUNCIONARIOS (CREDENCIAL, CPF, SEXO, NOME, ENDERECO, CIDADE, ESTADO, PAIS, IDADE, DESIGNADO, FUNCAO, REAIS_HORA) VALUES (12, '759876859','M', 'ARMADO HENRIQUE', 'RUA AUGUSTO JALES 35', 'CAMPINAS', 'SAO PAULO', 'BRASIL', 32, 'LIMPEZAS GERAIS', 'PARAMEDICO', 35);
INSERT INTO FUNCIONARIOS (CREDENCIAL, CPF, SEXO, NOME, ENDERECO, CIDADE, ESTADO, PAIS, IDADE, DESIGNADO, FUNCAO, REAIS_HORA) VALUES (13, '293844556','M', 'PAULO HENRIQUE', 'RUA AUGUSTO NUNES 435', 'LIMEIRA', 'SAO PAULO', 'BRASIL', 32, 'LIMPEZAS GERAIS', 'JURADO', 35);
INSERT INTO FUNCIONARIOS (CREDENCIAL, CPF, SEXO, NOME, ENDERECO, CIDADE, ESTADO, PAIS, IDADE, DESIGNADO, FUNCAO, REAIS_HORA) VALUES (14, '876954985','M', 'ARMADO HENRIQUE', 'RUA AUGUSTO JALES 35', 'CAMPINAS', 'SAO PAULO', 'BRASIL', 32, 'LIMPEZAS GERAIS', 'JURADO', 35);
INSERT INTO FUNCIONARIOS (CREDENCIAL, CPF, SEXO, NOME, ENDERECO, CIDADE, ESTADO, PAIS, IDADE, DESIGNADO, FUNCAO, REAIS_HORA) VALUES (15, '139848915','M', 'PAULO HENRIQUE', 'RUA AUGUSTO NUNES 435', 'LIMEIRA', 'SAO PAULO', 'BRASIL', 32, 'LIMPEZAS GERAIS', 'NARRADOR', 35);
INSERT INTO FUNCIONARIOS (CREDENCIAL, CPF, SEXO, NOME, ENDERECO, CIDADE, ESTADO, PAIS, IDADE, DESIGNADO, FUNCAO, REAIS_HORA) VALUES (16, '765484945','M', 'ARMADO HENRIQUE', 'RUA AUGUSTO JALES 35', 'CAMPINAS', 'SAO PAULO', 'BRASIL', 32, 'LIMPEZAS GERAIS', 'NARRADOR', 35);

--COLABORADOR
INSERT INTO COLABORADORES (CREDENCIAL, CPF, SEXO, NOME, ENDERECO, CIDADE, ESTADO, PAIS, IDADE, DESIGNADO, CACHEE, TIPO) VALUES (17, '23313123', 'FEMININO', 'MARIA ANTONIA', 'RUA MARIO SANTOS', 'BARRETOS', 'SAO PAULO', 'BRASIL', 32, 'JDASDKA', 6000, 'COMPETIDOR');
INSERT INTO COLABORADORES (CREDENCIAL, CPF, SEXO, NOME, ENDERECO, CIDADE, ESTADO, PAIS, IDADE, DESIGNADO, CACHEE, TIPO) VALUES (18, '15684912', 'FEMININO', 'JULIANA', 'RUA MARCEL 34', 'RIBEIRAO PRETO', 'SAO PAULO', 'BRASIL', 32, 'SDASASD', 6000, 'COMPETIDOR');
INSERT INTO COLABORADORES (CREDENCIAL, CPF, SEXO, NOME, ENDERECO, CIDADE, ESTADO, PAIS, IDADE, DESIGNADO, CACHEE, TIPO) VALUES (19, '49198129', 'FEMININO', 'MARIA ANTONIA', 'RUA MARIO SANTOS', 'BARRETOS', 'SAO PAULO', 'BRASIL', 32, 'JDASDKA', 6000, 'INFLUENCIADOR');
INSERT INTO COLABORADORES (CREDENCIAL, CPF, SEXO, NOME, ENDERECO, CIDADE, ESTADO, PAIS, IDADE, DESIGNADO, CACHEE, TIPO) VALUES (20, '78916165', 'FEMININO', 'MARIA ANTONIA', 'RUA MARIO SANTOS', 'BARRETOS', 'SAO PAULO', 'BRASIL', 32, 'JDASDKA', 6000, 'INFLUENCIADOR');
INSERT INTO COLABORADORES (CREDENCIAL, CPF, SEXO, NOME, ENDERECO, CIDADE, ESTADO, PAIS, IDADE, DESIGNADO, CACHEE, TIPO) VALUES (21, '09814732', 'FEMININO', 'MARIA ANTONIA', 'RUA MARIO SANTOS', 'BARRETOS', 'SAO PAULO', 'BRASIL', 32, 'JDASDKA', 6000, 'MUSICO');
INSERT INTO COLABORADORES (CREDENCIAL, CPF, SEXO, NOME, ENDERECO, CIDADE, ESTADO, PAIS, IDADE, DESIGNADO, CACHEE, TIPO) VALUES (22, '09847372', 'FEMININO', 'MARIA ANTONIA', 'RUA MARIO SANTOS', 'BARRETOS', 'SAO PAULO', 'BRASIL', 32, 'JDASDKA', 6000, 'MUSICO');
INSERT INTO COLABORADORES (CREDENCIAL, CPF, SEXO, NOME, ENDERECO, CIDADE, ESTADO, PAIS, IDADE, DESIGNADO, CACHEE, TIPO) VALUES (23, '54685398', 'FEMININO', 'MARIA ANTONIA', 'RUA MARIO SANTOS', 'BARRETOS', 'SAO PAULO', 'BRASIL', 32, 'JDASDKA', 6000, 'ARTISTA');
INSERT INTO COLABORADORES (CREDENCIAL, CPF, SEXO, NOME, ENDERECO, CIDADE, ESTADO, PAIS, IDADE, DESIGNADO, CACHEE, TIPO) VALUES (24, '64326842', 'FEMININO', 'MARIA ANTONIA', 'RUA MARIO SANTOS', 'BARRETOS', 'SAO PAULO', 'BRASIL', 32, 'JDASDKA', 6000, 'ARTISTA');

--COMPETIDOR
INSERT INTO COMPETIDOR (COLABORADOR, APELIDO, NOMEEQUIPE) VALUES (17, 'ZUKA', 'OPERACAO 1');
INSERT INTO COMPETIDOR (COLABORADOR, APELIDO, NOMEEQUIPE) VALUES (18, 'CELO', 'ZIKA');

--INFLUENCIADOR
INSERT INTO INFLUENCIADOR (COLABORADOR, APELIDO) VALUES (19, 'LIP');
INSERT INTO INFLUENCIADOR (COLABORADOR, APELIDO) VALUES (20, 'LIPE');


--ARTISTA
INSERT INTO ARTISTA (COLABORADOR, ESTILO) VALUES (23, 'JAZZ');
INSERT INTO ARTISTA (COLABORADOR, ESTILO) VALUES (24, 'ROCK');

-- COMECO DAS INSERCOES DDAS ATRACOES 
--ATRACAO
INSERT INTO ATRACAO (ID, TIPO) VALUES (1,'PARTIDA');
INSERT INTO ATRACAO (ID, TIPO) VALUES (2, 'PARTIDA');
INSERT INTO ATRACAO (ID, TIPO) VALUES (3, 'CONCURSOCOSPLAY');
INSERT INTO ATRACAO (ID, TIPO) VALUES (4, 'CONCURSOCOSPLAY');
INSERT INTO ATRACAO (ID, TIPO) VALUES (5, 'PALESTRA');
INSERT INTO ATRACAO (ID, TIPO) VALUES (6, 'PALESTRA');
INSERT INTO ATRACAO (ID, TIPO) VALUES (7, 'SHOW');
INSERT INTO ATRACAO (ID, TIPO) VALUES (8, 'SHOW');
INSERT INTO ATRACAO (ID, TIPO) VALUES (9, 'ARTSTREET');
INSERT INTO ATRACAO (ID, TIPO) VALUES (10, 'ARTSTREET');
INSERT INTO ATRACAO (ID, TIPO) VALUES (11, 'EXTERNA');
INSERT INTO ATRACAO (ID, TIPO) VALUES (12, 'EXTERNA');

--COMPETICAO
INSERT INTO COMPETICAO (NOMEJOGO, CATEGORIA, PREMIACAO) VALUES ('LOL', 'RPG', 5000);
INSERT INTO COMPETICAO (NOMEJOGO, CATEGORIA, PREMIACAO) VALUES ('CSGO', 'SHOOTER', 5000);

--PARTIDA
INSERT INTO PARTIDA (ID, CATEGORIA, NOMEJOGO, ETAPA, EQUIPE1, EQUIPE2) VALUES (1, 'RPG', 'LOL', 'QUARTASDEFINAIS', 'OPERACAO 1', 'ZIKA');
INSERT INTO PARTIDA (ID, CATEGORIA, NOMEJOGO, ETAPA, EQUIPE1, EQUIPE2) VALUES (2, 'SHOOTER', 'CSGO', 'QUARTASDEFINAIS', 'ZIKA', 'OPERACAO 1');

--CONCURSO_COSPLAY
INSERT INTO  CONCURSOCOSPLAY (ID, ETAPA) VALUES (3, 'FINAL');
INSERT INTO  CONCURSOCOSPLAY (ID, ETAPA) VALUES (4, 'FINAL');

--PALESTRA
INSERT INTO  PALESTRA (ID, TEMA) VALUES (5, 'JOGOS NO MUNDO');
INSERT INTO  PALESTRA (ID, TEMA) VALUES (6, 'HADOOP');
 
--SHOW
INSERT INTO SHOW (ID, NOMEDABANDA) VALUES (7, 'MATANZA');
INSERT INTO SHOW (ID, NOMEDABANDA) VALUES (8, 'RATOS DE PORAO');

--ARTSTEET
INSERT INTO ARTSTREET (ID, NOME) VALUES (9,'GAMES IN CITY');
INSERT INTO ARTSTREET (ID, NOME) VALUES (10,'TONY DREAM');

--EXTERNA
INSERT INTO EXTERNA (ID, NOME) VALUES (11, 'ATRACAO');
INSERT INTO EXTERNA (ID, NOME) VALUES (12, 'SHOW');

-- FIM DAS ATRACOES

--RESOLVENDO ALGUNS PROBELMAS :
--MUSICO
INSERT INTO MUSICO VALUES (21, 'BAIXO', 'MATANZA');
INSERT INTO MUSICO VALUES (22, 'GUITARRA', 'RATOS DE PORAO');

-- COMECO DAS INSERCOES NOS RELACIONAMENTOS
--COBRE
INSERT INTO COBRE (ID, IMPRENSA) VALUES (10, 1);
INSERT INTO COBRE (ID, IMPRENSA) VALUES (11, 2);

--COMUNICA
INSERT INTO COMUNICA (IMPRENSA, ASSESSOR) VALUES (1, 3);
INSERT INTO COMUNICA (IMPRENSA, ASSESSOR) VALUES (2, 4);

--ADMINSTRA
INSERT INTO ADMINSTRA (ID, STAFF, FUNCAO) VALUES (10, 5, 'ADMINISTRADOR');
INSERT INTO ADMINSTRA (ID, STAFF, FUNCAO) VALUES (11, 6, 'CHEFIA');

--OPERA
INSERT INTO OPERA (ID, TECNICO, ESPECIALIDADE) VALUES (2, 7, 'TECNICO DE SOM');
INSERT INTO OPERA (ID, TECNICO, ESPECIALIDADE) VALUES (3, 8, 'TECNICO DE IMAGEM');

--CUIDA
INSERT INTO CUIDA (ID, SEGURANCA) VALUES (4, 9);
INSERT INTO CUIDA (ID, SEGURANCA) VALUES (5, 10);

--ZELA
INSERT INTO ZELA (ID, PARAMEDICO) VALUES (2, 11);
INSERT INTO ZELA (ID, PARAMEDICO) VALUES (5, 12);

--FISCALIZA
INSERT INTO FISCALIZA (ID, JURADO) VALUES (1, 13);
INSERT INTO FISCALIZA (ID, JURADO) VALUES (2, 14);

--NARRA
INSERT INTO NARRA (ID, NARRADOR) VALUES (1, 15);
INSERT INTO NARRA (ID, NARRADOR) VALUES (2, 16);

--JULGA_COSPLAY
INSERT INTO JULGACOSPLAY (ID, JURADO) VALUES (3, 13);
INSERT INTO JULGACOSPLAY (ID, JURADO) VALUES (4, 14);

--APRESNTA_PALESTRA
INSERT INTO APRESENTAPALESTRA (ID, INFLUENCIADOR) VALUES (5, 19);
INSERT INTO APRESENTAPALESTRA (ID, INFLUENCIADOR) VALUES (6, 20);

--EXIBE
INSERT INTO EXIBE (ID, ARTISTA) VALUES (9, 23);
INSERT INTO EXIBE (ID, ARTISTA) VALUES (10, 24);

-- FIM DOS RELACIONAMENTOS

-- COMECO DAS INSERCOES NO CERNE DO ESCHEDULING

--LOCAL
INSERT INTO LOCAL (ESPACO, NOME) VALUES ('GAMEPLAY ARENA 2', 'STAND1');
INSERT INTO LOCAL (ESPACO, NOME) VALUES ('INOVA ARENA', 'STAND2');

--AGENDA
INSERT INTO AGENDA (DATA, HORAS) VALUES ('12/11/2019', '12:12');
INSERT INTO AGENDA (DATA, HORAS) VALUES ('12/11/2019', '15:09');

--ACONTECE
INSERT INTO ACONTECE (ID, DATA, HORAS, ESPACO, LOCAL) VALUES (10, '12/11/2019', '12:12', 'GAMEPLAY ARENA 2', 'STAND1');
INSERT INTO ACONTECE (ID, DATA, HORAS, ESPACO, LOCAL) VALUES (11, '12/11/2019', '15:09', 'INOVA ARENA', 'STAND2');

-- FIM DO ESHEDULING

-- FIM DO SCRIPT DE INSERCAO NO BD

--(COLABORADOR, FUNCAO, NOMEBANDA)
